Issue Key,Summary,Status,Assignee,Priority
ENG-1,Mock Issue 1,In Review,Dev_3,high
ENG-2,Mock Issue 2,Done,Dev_14,low
ENG-3,Mock Issue 3,Todo,Dev_14,high
ENG-4,Mock Issue 4,In Review,Dev_0,high
ENG-5,Mock Issue 5,Done,Dev_14,medium
ENG-6,Mock Issue 6,In Progress,Dev_3,medium
ENG-7,Mock Issue 7,Todo,Dev_13,high
ENG-8,Mock Issue 8,In Review,Dev_15,medium
ENG-9,Mock Issue 9,In Progress,Dev_10,medium
ENG-10,Mock Issue 10,Todo,Dev_17,urgent
ENG-11,Mock Issue 11,In Progress,Dev_17,high
ENG-12,Mock Issue 12,In Review,Dev_11,urgent
ENG-13,Mock Issue 13,Todo,Dev_1,high
ENG-14,Mock Issue 14,In Review,Dev_6,urgent
ENG-15,Mock Issue 15,In Progress,Dev_1,low
ENG-16,Mock Issue 16,In Progress,Dev_11,medium
ENG-17,Mock Issue 17,In Progress,Dev_13,high
ENG-18,Mock Issue 18,In Review,Dev_14,high
ENG-19,Mock Issue 19,In Review,Dev_13,high
ENG-20,Mock Issue 20,Done,Dev_12,medium
ENG-21,Mock Issue 21,Todo,Dev_2,low
ENG-22,Mock Issue 22,Todo,Dev_16,urgent
ENG-23,Mock Issue 23,In Review,Dev_13,low
ENG-24,Mock Issue 24,Done,Dev_19,urgent
ENG-25,Mock Issue 25,Todo,Dev_6,urgent
ENG-26,Mock Issue 26,Done,Dev_19,medium
ENG-27,Mock Issue 27,Done,Dev_4,low
ENG-28,Mock Issue 28,In Progress,Dev_12,urgent
ENG-29,Mock Issue 29,In Progress,Dev_11,high
ENG-30,Mock Issue 30,In Review,Dev_18,urgent
ENG-31,Mock Issue 31,In Review,Dev_17,medium
ENG-32,Mock Issue 32,In Review,Dev_6,high
ENG-33,Mock Issue 33,Done,Dev_15,high
ENG-34,Mock Issue 34,In Review,Dev_14,medium
ENG-35,Mock Issue 35,Done,Dev_18,medium
ENG-36,Mock Issue 36,Todo,Dev_12,medium
ENG-37,Mock Issue 37,In Progress,Dev_10,medium
ENG-38,Mock Issue 38,Done,Dev_8,medium
ENG-39,Mock Issue 39,Done,Dev_16,medium
ENG-40,Mock Issue 40,Todo,Dev_9,medium
ENG-41,Mock Issue 41,Todo,Dev_5,high
ENG-42,Mock Issue 42,Todo,Dev_9,urgent
ENG-43,Mock Issue 43,In Progress,Dev_5,medium
ENG-44,Mock Issue 44,Todo,Dev_17,medium
ENG-45,Mock Issue 45,Done,Dev_19,low
ENG-46,Mock Issue 46,Done,Dev_18,medium
ENG-47,Mock Issue 47,Done,Dev_18,low
ENG-48,Mock Issue 48,In Progress,Dev_7,high
ENG-49,Mock Issue 49,Done,Dev_19,high
ENG-50,Mock Issue 50,In Review,Dev_2,high
ENG-51,Mock Issue 51,In Review,Dev_11,medium
ENG-52,Mock Issue 52,Done,Dev_18,high
ENG-53,Mock Issue 53,Done,Dev_11,urgent
ENG-54,Mock Issue 54,Todo,Dev_4,high
ENG-55,Mock Issue 55,Done,Dev_4,low
ENG-56,Mock Issue 56,In Progress,Dev_2,high
ENG-57,Mock Issue 57,In Progress,Dev_2,medium
ENG-58,Mock Issue 58,Todo,Dev_1,high
ENG-59,Mock Issue 59,Todo,Dev_2,medium
ENG-60,Mock Issue 60,In Progress,Dev_1,urgent
ENG-61,Mock Issue 61,In Progress,Dev_3,urgent
ENG-62,Mock Issue 62,In Review,Dev_15,urgent
ENG-63,Mock Issue 63,Done,Dev_10,high
ENG-64,Mock Issue 64,Todo,Dev_16,urgent
ENG-65,Mock Issue 65,Todo,Dev_12,high
ENG-66,Mock Issue 66,In Progress,Dev_0,low
ENG-67,Mock Issue 67,Done,Dev_8,urgent
ENG-68,Mock Issue 68,Done,Dev_0,low
ENG-69,Mock Issue 69,In Progress,Dev_7,urgent
ENG-70,Mock Issue 70,Done,Dev_13,medium
ENG-71,Mock Issue 71,In Review,Dev_5,low
ENG-72,Mock Issue 72,In Progress,Dev_17,high
ENG-73,Mock Issue 73,Done,Dev_7,low
ENG-74,Mock Issue 74,In Review,Dev_2,low
ENG-75,Mock Issue 75,Todo,Dev_16,high
ENG-76,Mock Issue 76,Todo,Dev_15,high
ENG-77,Mock Issue 77,In Progress,Dev_8,low
ENG-78,Mock Issue 78,In Progress,Dev_17,medium
ENG-79,Mock Issue 79,Done,Dev_12,low
ENG-80,Mock Issue 80,In Progress,Dev_5,medium
ENG-81,Mock Issue 81,Todo,Dev_0,low
ENG-82,Mock Issue 82,Todo,Dev_16,urgent
ENG-83,Mock Issue 83,Todo,Dev_19,low
ENG-84,Mock Issue 84,In Review,Dev_0,urgent
ENG-85,Mock Issue 85,Done,Dev_7,low
ENG-86,Mock Issue 86,In Review,Dev_8,high
ENG-87,Mock Issue 87,Done,Dev_9,low
ENG-88,Mock Issue 88,Done,Dev_18,high
ENG-89,Mock Issue 89,Done,Dev_11,medium
ENG-90,Mock Issue 90,In Review,Dev_19,high
ENG-91,Mock Issue 91,Todo,Dev_9,low
ENG-92,Mock Issue 92,Done,Dev_16,urgent
ENG-93,Mock Issue 93,Todo,Dev_0,low
ENG-94,Mock Issue 94,In Review,Dev_5,medium
ENG-95,Mock Issue 95,Todo,Dev_10,urgent
ENG-96,Mock Issue 96,In Progress,Dev_9,urgent
ENG-97,Mock Issue 97,In Review,Dev_11,medium
ENG-98,Mock Issue 98,In Review,Dev_6,high
ENG-99,Mock Issue 99,Todo,Dev_16,medium
ENG-100,Mock Issue 100,In Progress,Dev_5,high
